Workbook

Sheet TOC & Summary Dashboard
A2: SSTracker Enterprise Command Plane
A3: Generated: August 22, 2026 | Unified Launch Readiness Matrix v2
A5: Status Legend
A6: 🟢 Complete | B6: Feature successfully coded, compiled, and verified via Playwright spec.
A7: 🟡 In Progress | B7: Feature is currently being implemented or undergoing test-and-repair iterations.
A8: 🔴 Missing / Blocked | B8: No spec or workflow exists; feature block remains un-coded.
A11: Operating System / Persona | B11: Target Workspace Path | C11: Total Features | D11: 🟢 Complete | E11: 🟡 In Progress | F11: 🔴 Missing / Blocked | G11: Launch-Ready %
A12: =HYPERLINK("#'GlobalAdminOS'!A1", "Global Admin OS") | B12: src/routes/(app)/admin/* | C12: =COUNTA('GlobalAdminOS'!A5:A50) | D12: =COUNTIF('GlobalAdminOS'!G5:G50, "🟢 Complete") | E12: =COUNTIF('GlobalAdminOS'!G5:G50, "🟡 In Progress") | F12: =COUNTIF('GlobalAdminOS'!G5:G50, "🔴 Missing / Blocked") | G12: =IF(C12>0, D12/C12, 0)
A13: =HYPERLINK("#'CommissionerOS'!A1", "Commissioner OS") | B13: src/routes/(app)/commissioner/* | C13: =COUNTA('CommissionerOS'!A5:A50) | D13: =COUNTIF('CommissionerOS'!G5:G50, "🟢 Complete") | E13: =COUNTIF('CommissionerOS'!G5:G50, "🟡 In Progress") | F13: =COUNTIF('CommissionerOS'!G5:G50, "🔴 Missing / Blocked") | G13: =IF(C13>0, D13/C13, 0)
A14: =HYPERLINK("#'DirectorOS'!A1", "Director OS") | B14: src/routes/(app)/director/* | C14: =COUNTA('DirectorOS'!A5:A50) | D14: =COUNTIF('DirectorOS'!G5:G50, "🟢 Complete") | E14: =COUNTIF('DirectorOS'!G5:G50, "🟡 In Progress") | F14: =COUNTIF('DirectorOS'!G5:G50, "🔴 Missing / Blocked") | G14: =IF(C14>0, D14/C14, 0)
A15: =HYPERLINK("#'CoachOS'!A1", "Coach OS") | B15: src/routes/(app)/coach/* | C15: =COUNTA('CoachOS'!A5:A50) | D15: =COUNTIF('CoachOS'!G5:G50, "🟢 Complete") | E15: =COUNTIF('CoachOS'!G5:G50, "🟡 In Progress") | F15: =COUNTIF('CoachOS'!G5:G50, "🔴 Missing / Blocked") | G15: =IF(C15>0, D15/C15, 0)
A16: =HYPERLINK("#'PlayerOS'!A1", "Player OS") | B16: src/routes/(app)/player/* | C16: =COUNTA('PlayerOS'!A5:A50) | D16: =COUNTIF('PlayerOS'!G5:G50, "🟢 Complete") | E16: =COUNTIF('PlayerOS'!G5:G50, "🟡 In Progress") | F16: =COUNTIF('PlayerOS'!G5:G50, "🔴 Missing / Blocked") | G16: =IF(C16>0, D16/C16, 0)
A17: =HYPERLINK("#'ParentOS'!A1", "Parent OS") | B17: src/routes/(app)/parent/* | C17: =COUNTA('ParentOS'!A5:A50) | D17: =COUNTIF('ParentOS'!G5:G50, "🟢 Complete") | E17: =COUNTIF('ParentOS'!G5:G50, "🟡 In Progress") | F17: =COUNTIF('ParentOS'!G5:G50, "🔴 Missing / Blocked") | G17: =IF(C17>0, D17/C17, 0)
A18: =HYPERLINK("#'FanOS & Recruiter'!A1", "Fan & Recruiter OS") | B18: src/routes/(app)/fan-recruiter/* | C18: =COUNTA('FanOS & Recruiter'!A5:A50) | D18: =COUNTIF('FanOS & Recruiter'!G5:G50, "🟢 Complete") | E18: =COUNTIF('FanOS & Recruiter'!G5:G50, "🟡 In Progress") | F18: =COUNTIF('FanOS & Recruiter'!G5:G50, "🔴 Missing / Blocked") | G18: =IF(C18>0, D18/C18, 0)
A19: =HYPERLINK("#'TutoringMarketplace'!A1", "Tutoring Marketplace") | B19: src/routes/(app)/tutoring/* | C19: =COUNTA('TutoringMarketplace'!A5:A50) | D19: =COUNTIF('TutoringMarketplace'!G5:G50, "🟢 Complete") | E19: =COUNTIF('TutoringMarketplace'!G5:G50, "🟡 In Progress") | F19: =COUNTIF('TutoringMarketplace'!G5:G50, "🔴 Missing / Blocked") | G19: =IF(C19>0, D19/C19, 0)
A20: TOTAL PLATFORM CAPABILITIES | C20: =SUM(C12:C19) | D20: =SUM(D12:D19) | E20: =SUM(E12:E19) | F20: =SUM(F12:F19) | G20: =D20/C20

Sheet GlobalAdminOS
A2: GlobalAdminOS - Operational Feature Matrix
A3: Tracks active visual regression test specifications and Google Jules code workflow blueprints.
A5: Page/Component ID | B5: Page/Route Name | C5: Target File Path | D5: Active Workflow Blueprint File | E5: Playwright E2E Spec File | F5: Core Feature Scope / Requirements | G5: Launch Status | H5: Architecture / Gating Rules
A6: AD-01-01 | B6: Identity Impersonation API | C6: src/routes/api/auth/impersonate/+server.ts | D6: jules-secure-impersonation-gating-workflow.md | E6: secure-impersonation-gating.spec.ts | F6: Secure admin token generation via Firebase Admin SDK with a strict 15-minute lease (TTL). Ensures full audit trail committed to Firestore. | G6: 🟢 Complete | H6: Wired directly into hooks.server.ts. Limits tenant scopes during active session. Strictly no raw database bypasses.
A7: AD-01-02 | B7: Absolute Minor Impersonation Block | C7: src/routes/api/auth/impersonate/+server.ts | D7: jules-secure-impersonation-gating-workflow.md | E7: secure-impersonation-gating.spec.ts | F7: Absolute server-side block on impersonating minors (<18). Mints infraction logs directly to immutable secure /audit_logs/. | G7: 🟢 Complete | H7: Returns 403 status code with 'IMPERSONATION_BLOCKED: TARGET_IS_MINOR' logic payload.
A8: AD-01-03 | B8: Administrative Overview Space | C8: src/routes/(app)/admin/overview/+page.svelte | D8: jules-comprehensive-brain-audit.md | E8: admin-behavioral-click.spec.ts | F8: Telemetry console dashboard tracking platform connections, system maintenance, and active 'Kill Switch' toggles. | G8: 🟢 Complete | H8: Renders Geist Mono numeric cards and high-density SVG data plots. B815 defensive hydration wrapper active.
A9: AD-02-01 | B9: Global Users Geo-Visualizer | C9: src/routes/(app)/admin/users/+page.svelte | D9: system-audit-and-recovery.md | E9: admin-behavioral-click.spec.ts | F9: Dynamic, real-time spatial user connection grid showing geo-telemetry with PII masked at boundary. | G9: 🟢 Complete | H9: Enforces Geist Mono formatting. Queries strictly restricted by Firebase Security rules.

Sheet CommissionerOS
A2: CommissionerOS - Operational Feature Matrix
A3: Tracks active visual regression test specifications and Google Jules code workflow blueprints.
A5: Page/Component ID | B5: Page/Route Name | C5: Target File Path | D5: Active Workflow Blueprint File | E5: Playwright E2E Spec File | F5: Core Feature Scope / Requirements | G5: Launch Status | H5: Architecture / Gating Rules
A6: CM-01-01 | B6: Regional Tenant Scoping Matrix | C6: src/routes/(app)/commissioner/dashboard/+page.svelte | D6: jules-commissioner-federation-workflow.md | E6: commissioner-federation.spec.ts | F6: Read-only 'God-mode' dashboard aggregating player metrics, with regional locks blocking cross-state leaks. | G6: 🔴 Missing / Blocked | H6: Strictly separate database views. Multi-tenant filters must lock access using active state/org ID claim.
A7: CM-01-02 | B7: Compliance & Background Feed | C7: src/routes/(app)/commissioner/compliance/+page.svelte | D7: jules-commissioner-federation-workflow.md | E7: commissioner-federation.spec.ts | F7: Live auditing panel monitoring background checks (Checkr API) and annual SafeSport certifications across all clubs. | G7: 🔴 Missing / Blocked | H7: Strictly un-editable logs. Injects instant alerts to regional directors upon compliance expiration.
A8: CM-02-01 | B8: Multi-Venue Bracket Scheduler | C8: src/routes/(app)/commissioner/scheduler/+page.svelte | D8: jules-commissioner-federation-workflow.md | E8: commissioner-federation.spec.ts | F8: Asynchronous tournament bracket builder with real-time field conflict warnings and multi-complex calendars. | G8: 🔴 Missing / Blocked | H8: Svelte 5 canvas element strictly avoiding layout overlaps. Utilizes pure CSS Grid flow.
A9: CM-02-02 | B9: ODP Talent Pipeline Feed | C9: src/routes/(app)/commissioner/talent/+page.svelte | D9: jules-commissioner-federation-workflow.md | E9: commissioner-federation.spec.ts | F9: Scouting index compiling top candidate performance indexes based on clinical 6-axis skill tree reviews. | G9: 🔴 Missing / Blocked | H9: Hides player contact and parent info until recruiter credentials checks are verified via Checkr API.

Sheet DirectorOS
A2: DirectorOS - Operational Feature Matrix
A3: Tracks active visual regression test specifications and Google Jules code workflow blueprints.
A5: Page/Component ID | B5: Page/Route Name | C5: Target File Path | D5: Active Workflow Blueprint File | E5: Playwright E2E Spec File | F5: Core Feature Scope / Requirements | G5: Launch Status | H5: Architecture / Gating Rules
A6: DI-01-01 | B6: Revenue Bento Board | C6: src/routes/(app)/director/dashboard/+page.svelte | D6: jules-director-os-polishing-workflow.md | E6: director-intel-perfection.spec.ts | F6: 12-column asymmetric Bento Grid console charting daily revenue and financial metrics using fluid clamp() boundaries. | G6: 🟢 Complete | H6: Uses Void Black backgrounds, Structural Grey borders, and Data Cyan accents. Auto-refresh infinite loop resolved.
A7: DI-01-02 | B7: Daily Intel Nav Integration | C7: src/lib/components/director/DirectorSidebar.svelte | D7: jules-director-os-polishing-workflow.md | E7: director-intel-perfection.spec.ts | F7: Integrated Daily Intel action link pinned to the absolute top of the navigation list for maximum visibility. | G7: 🟢 Complete | H7: Matches high-end Atompunk styling. Features 150ms hover scale translations with 0px rounded corners.
A8: DI-02-01 | B8: Stripe Connect Onboarding | C8: src/routes/(app)/director/billing/+page.svelte | D8: jules-stripe-onboarding-workflow.md | E8: stripe-onboarding.spec.ts | F8: Automatic routing sequence driving directors directly to Stripe Connect billing enclaves during setup. | G8: 🟢 Complete | H8: Bypasses standard base subscription walls. Employs transaction-fee split models ($0 base).
A9: DI-03-01 | B9: Vampire CSV Roster Ingestion | C9: src/lib/components/director/RosterImporter.svelte | D9: jules-roster-importer-workflow.md | E9: roster-importer.spec.ts | F9: Bulk csv parsing client throttling uploads to safe batches of 500 records to prevent Firestore locks. | G9: 🟢 Complete | H9: Converts raw client files (DOB, first, last name) into Svelte schemas. Displays progress bar in untrack blocks.

Sheet CoachOS
A2: CoachOS - Operational Feature Matrix
A3: Tracks active visual regression test specifications and Google Jules code workflow blueprints.
A5: Page/Component ID | B5: Page/Route Name | C5: Target File Path | D5: Active Workflow Blueprint File | E5: Playwright E2E Spec File | F5: Core Feature Scope / Requirements | G5: Launch Status | H5: Architecture / Gating Rules
A6: CO-01-01 | B6: Unified System HUD | C6: src/lib/components/coach/grid/TacticalHUD.svelte | D6: antigravity-tactical-hud-refinement.md | E6: tactical-war-room-v3.spec.ts | F6: Consolidated Glass floating dashboard overlay grouping Roster, Tools, and Help manuals in a single clean popover. | G6: 🟢 Complete | H6: Features three clear tabs: ROSTER, TOOLS, HELP. Strictly 90-degree corners with no ambient glowing shadows.
A7: CO-01-02 | B7: Bezier Curve Spatial Designer | C7: src/routes/(app)/coach/war-room/+page.svelte | D7: jules-ultimate-war-room-workflow.md | E7: tactical-war-room-v3.spec.ts | F7: Full-screen vector tactics board utilizing draggable Bézier curve hooks to map team formations and patterns. | G7: 🟢 Complete | H7: Intercepts context-clicks to instantly drop custom player and opponent circles carrying position tags.
A8: CO-02-01 | B8: Live Match Day Console | C8: src/routes/(app)/coach/matchday/+page.svelte | D8: jules-coach-matchday-workflow.md | E8: coach-matchday.spec.ts | F8: Real-time event logger triggering Goals, Cards, Subs. Displays TARGET coaching advice feeds continuously. | G8: 🟢 Complete | H8: Actions resolve in under 14ms. Displays 'Car Ride Home' amber warnings blocking metric views on whistle.
A9: CO-03-01 | B9: Assistant Coach Permissions Board | C9: src/routes/(app)/coach/staff/+page.svelte | D9: jules-coach-staff-workflow.md | E9: coach-staff-management.spec.ts | F9: Logistics manager dashboard mapping training sessions and validating SafeSport/Scan requirements for assistant coaches. | G9: 🔴 Missing / Blocked | H9: Svelte 5 reactivity checks preventing loop states. Locks assistant actions unless cleared state matches DB.
A10: CO-04-01 | B10: State ODP Pipeline Analytics | C10: src/routes/(app)/coach/odp/+page.svelte | D10: jules-coach-odp-workflow.md | E10: coach-odp-analytics.spec.ts | F10: Aggregated team performance analytics highlighting player benchmarks against state/national ODP standards. | G10: 🔴 Missing / Blocked | H10: Read-only dataset with no PII exposure. Features full asymmetric grid with sharp Atompunk borders.

Sheet PlayerOS
A2: PlayerOS - Operational Feature Matrix
A3: Tracks active visual regression test specifications and Google Jules code workflow blueprints.
A5: Page/Component ID | B5: Page/Route Name | C5: Target File Path | D5: Active Workflow Blueprint File | E5: Playwright E2E Spec File | F5: Core Feature Scope / Requirements | G5: Launch Status | H5: Architecture / Gating Rules
A6: PL-01-01 | B6: Dopamine Daily Streak Arena | C6: src/routes/(app)/player/dashboard/+page.svelte | D6: jules-player-streak-workflow.md | E6: player-streak-arena.spec.ts | F6: Highly engaging daily dashboard mapping active touch streaks, deliberative play touches, and streak freeze enclaves. | G6: 🔴 Missing / Blocked | H6: Void Black Gaming HUD with chamfered outer card boundaries. Features one primary Action Gold CTA (#fbbf24) per view.
A7: PL-02-01 | B7: 6-Axis Vanguard Skill Tree | C7: src/routes/(app)/player/skills/+page.svelte | D7: jules-player-skilltree-workflow.md | E7: player-skill-tree.spec.ts | F7: Interactive skill matrices plotting player progress on custom 6-axis Radar charts, with 2% automatic skill decay scheduler. | G7: 🔴 Missing / Blocked | H7: SVG-based radar view strictly avoiding Canvas APIs. Integrates 1000Hz ball camera MediaPipe telemetry.
A8: PL-03-01 | B8: Mistake Overcoming Ritual UI | C8: src/lib/components/player/MistakeResetOverlay.svelte | D8: tactical-mistake-recovery-workflow.md | E8: tactical-mistake-recovery-workflow.spec.ts | F8: Tactile popup canvas forcing a 3-step kinetic grounding sequence the moment a physical or tactical error is logged. | G8: 🟢 Complete | H8: Displays encrypted 3-second 'Practice makes progress' fade overlay. Block clicks, forces instant canvas wipe on reset.
A9: PL-04-01 | B9: SafeSport Shadow CC Inbox | C9: src/routes/(app)/player/messages/+page.svelte | D9: jules-player-safesport-workflow.md | E9: player-safesport-inbox.spec.ts | F9: Secure team direct messaging panel that automatically duplicates and BCCs all adult-to-minor threads to parents. | G9: 🔴 Missing / Blocked | H9: Fails-safe by blocking 1-on-1 adult-minor communication. Initiated strictly via server-side triggers.

Sheet ParentOS
A2: ParentOS - Operational Feature Matrix
A3: Tracks active visual regression test specifications and Google Jules code workflow blueprints.
A5: Page/Component ID | B5: Page/Route Name | C5: Target File Path | D5: Active Workflow Blueprint File | E5: Playwright E2E Spec File | F5: Core Feature Scope / Requirements | G5: Launch Status | H5: Architecture / Gating Rules
A6: PA-01-01 | B6: COPPA Verifiable Consent Gate | C6: src/routes/(app)/parent/compliance/+page.svelte | D6: jules-parent-compliance-workflow.md | E6: parent-compliance.spec.ts | F6: VPC identity gating challenge restricting child registrations until parent credit card signatures are authorized. | G6: 🔴 Missing / Blocked | H6: Calm flat design with exactly 24px rounded corners. Strictly zero gamification elements or glowing borders.
A7: PA-02-01 | B7: Emotional Safety Performance Feed | C7: src/routes/(app)/parent/feed/+page.svelte | D7: jules-parent-compliance-workflow.md | E7: parent-compliance.spec.ts | F7: Qualitative athletic log displaying coach game reviews, completely stripped of metrics and numerical standings. | G7: 🔴 Missing / Blocked | H7: Provides parents with direct forms to review coaching behaviors and audit match day TARGET adherence.

Sheet FanOS & Recruiter
A2: FanOS & Recruiter - Operational Feature Matrix
A3: Tracks active visual regression test specifications and Google Jules code workflow blueprints.
A5: Page/Component ID | B5: Page/Route Name | C5: Target File Path | D5: Active Workflow Blueprint File | E5: Playwright E2E Spec File | F5: Core Feature Scope / Requirements | G5: Launch Status | H5: Architecture / Gating Rules
A6: FR-01-01 | B6: Stripe Superdraw Broadcast Overlay | C6: src/routes/(app)/fan/stream/+page.svelte | D6: jules-fan-recruiter-workflow.md | E6: fan-recruiter.spec.ts | F6: Live stream viewer equipped with digital ticketing, 60-minute fundraising alerts, and digital confetti overlay loops. | G6: 🔴 Missing / Blocked | H6: Void Black overlay with high-contrast Cyan and Gold buttons. Synchronized safely with Stripe SDK API.
A7: FR-02-01 | B7: Recruiter Vetting Search Engine | C7: src/routes/(app)/recruiter/search/+page.svelte | D7: jules-fan-recruiter-workflow.md | E7: fan-recruiter.spec.ts | F7: Database search query engine that blocks candidate profiles unless active coach has clear background checks. | G7: 🔴 Missing / Blocked | H7: Filters out minor player contact details. Verified behind secure Checkr API certification check tags.

Sheet TutoringMarketplace
A2: TutoringMarketplace - Operational Feature Matrix
A3: Tracks active visual regression test specifications and Google Jules code workflow blueprints.
A5: Page/Component ID | B5: Page/Route Name | C5: Target File Path | D5: Active Workflow Blueprint File | E5: Playwright E2E Spec File | F5: Core Feature Scope / Requirements | G5: Launch Status | H5: Architecture / Gating Rules
A6: TM-01-01 | B6: Tutoring Skill Directory | C6: src/routes/(app)/tutoring/search/+page.svelte | D6: jules-tutoring-marketplace-workflow.md | E6: tutoring-marketplace.spec.ts | F6: Targeted booking directory designed for parents and directors to source certified local trainers for specific soccer skills. | G6: 🔴 Missing / Blocked | H6: Restricted directory search strictly filtered by active sport branch. Free listings with Stripe Destination Charges.
A7: TM-01-02 | B7: Marketplace SafeSport Lockout | C7: src/routes/(app)/tutoring/search/+page.svelte | D7: jules-tutoring-marketplace-workflow.md | E7: tutoring-marketplace.spec.ts | F7: Strict database access guard hard-blocking any lookup attempts or queries initiated from Player OS screens. | G7: 🔴 Missing / Blocked | H7: Protects minor safety. Completely invisible to children. B815 hydration rules completely active.
